title,company,location,link
Data Entry Associate,None,"Mantua, NJ",https://www.indeed.com/jobs?q=python&limit=50&vjk=f3b232fde0a4ff37
Attendant Outside Services- 2021,None,"Phoenix, MD",https://www.indeed.com/jobs?q=python&limit=50&vjk=574ab44780ebdb22
Server,None,"Phoenix, MD",https://www.indeed.com/jobs?q=python&limit=50&vjk=bdd15f92bbe14ae1
Packer/Unpacker,None,"Golden Valley, MN",https://www.indeed.com/jobs?q=python&limit=50&vjk=a12c800c37aeea64
Program Facilitator,None,"Charlotte, NC",https://www.indeed.com/jobs?q=python&limit=50&vjk=058f6037b3cd0015
Director of Food and Beverage,None,"Phoenix, MD",https://www.indeed.com/jobs?q=python&limit=50&vjk=a77c288ff9a6a0f5
Outdoor Program and Training Specialist & Asst Camp Director,None,"Statesville, NC",https://www.indeed.com/jobs?q=python&limit=50&vjk=3816320af5b1c0c2
Busperson,None,"Phoenix, MD",https://www.indeed.com/jobs?q=python&limit=50&vjk=0bc36bd931dc7bbe
Early Childhood - Teacher,None,"Kansas City, MO",https://www.indeed.com/jobs?q=python&limit=50&vjk=6f61be62f1d81844
Cashier,None,"Golden Valley, MN",https://www.indeed.com/jobs?q=python&limit=50&vjk=82fca3bf5e582540
Outdoor Program Facilitator,None,"Statesville, NC",https://www.indeed.com/jobs?q=python&limit=50&vjk=c69b01e38edc5fb0
Lead Teacher,None,"Rutland, VT",https://www.indeed.com/jobs?q=python&limit=50&vjk=044a2e080736cb9d
Full-Time Golf Course Maintenance,None,"Phoenix, MD",https://www.indeed.com/jobs?q=python&limit=50&vjk=664b00bf5d54b707
Assistant Superintendent,None,"Phoenix, MD",https://www.indeed.com/jobs?q=python&limit=50&vjk=82a2525c9d6ceaff
Line Cook,None,"Phoenix, MD",https://www.indeed.com/jobs?q=python&limit=50&vjk=c66864d30f5e935e
Seasonal Golf Course Maintenance,None,"Phoenix, MD",https://www.indeed.com/jobs?q=python&limit=50&vjk=2492370d8731d87c
Driver / Mover / Warehouse,None,"Golden Valley, MN",https://www.indeed.com/jobs?q=python&limit=50&vjk=5376e8754ae2c8e7
Part-time Golf Course Maintenance,None,"Phoenix, MD",https://www.indeed.com/jobs?q=python&limit=50&vjk=ef34388900ec4bc0
Document Specialist,None,"Orlando, FL",https://www.indeed.com/jobs?q=python&limit=50&vjk=bf6a605d724f9b9f
Data Entry Associate,None,"Mantua, NJ",https://www.indeed.com/jobs?q=python&limit=50&vjk=cbd82c8bbc70fac4
Office Assistant,None,"Lauderhill, FL",https://www.indeed.com/jobs?q=python&limit=50&vjk=3fe6af0052b838a4
Real Estate Videographer/Social Media Intern,None,"Miami, FL",https://www.indeed.com/jobs?q=python&limit=50&vjk=f490802f6cf2d101
Early Childhood Educators,None,"Branford, CT",https://www.indeed.com/jobs?q=python&limit=50&vjk=413e44be4398f3ce
Restaurant Server,None,"Vero Beach, FL",https://www.indeed.com/jobs?q=python&limit=50&vjk=01c9cb9f0e4319f5
FULL-TIME FRONT DESK,None,"Burlingame, CA",https://www.indeed.com/jobs?q=python&limit=50&vjk=aee58724a6e45969
Logistics Coordinator,None,"Oklahoma City, OK",https://www.indeed.com/jobs?q=python&limit=50&vjk=1c0fe61cbae06af7
"Teacher Assistant, Grades 3-5","New Explorations into Science, Technology + Math (...","New York, NY",https://www.indeed.com/jobs?q=python&limit=50&vjk=7987ca10d543135e
Front of House Manager/Bar Manager,None,"La Crosse, WI",https://www.indeed.com/jobs?q=python&limit=50&vjk=09da0518d070079e
After School Teacher!,None,"Argyle, TX",https://www.indeed.com/jobs?q=python&limit=50&vjk=0798bc89cb18de6f
Warehouse Lead,None,"Nashville, TN",https://www.indeed.com/jobs?q=python&limit=50&vjk=f22a937f07dd63e3
Front Counter Team Member,None,"Southlake, TX",https://www.indeed.com/jobs?q=python&limit=50&vjk=63f9054dd29b80ea
Driver for Junk removal And Helper for Home Instulation,None,"Greenbelt, MD",https://www.indeed.com/jobs?q=python&limit=50&vjk=a00f634262c1933d
HVAC Service Manager,None,"New Rochelle, NY",https://www.indeed.com/jobs?q=python&limit=50&vjk=329835909cd2c5f4
Sales Manager and Design Consultant,None,"Ogden, UT",https://www.indeed.com/jobs?q=python&limit=50&vjk=2c23d25cf659b4a3
Part-time Sales Associate,None,"Austin, TX",https://www.indeed.com/jobs?q=python&limit=50&vjk=f8a4b358d705d25d
Line Cook/Prep,None,"Mount Holly, NJ",https://www.indeed.com/jobs?q=python&limit=50&vjk=a2b792d9c7d917fa
Food Safety Coordinator,None,"North Richland Hills, TX",https://www.indeed.com/jobs?q=python&limit=50&vjk=8b0f763662cd58bf
Childcare Worker,None,"Saint Augustine, FL",https://www.indeed.com/jobs?q=python&limit=50&vjk=e9d2823b4c9c220f
Interior Design Consultant,None,"Ogden, UT",https://www.indeed.com/jobs?q=python&limit=50&vjk=480ede63d78de2a4
Video Production Intern to Work with Real Estate Team,None,"New York, NY",https://www.indeed.com/jobs?q=python&limit=50&vjk=47094b66f575b7d6
Youth Care Specialist - part time,None,"Phoenix, AZ",https://www.indeed.com/jobs?q=python&limit=50&vjk=b7df7eacea92f577
Teacher Assistant,None,"Lauderhill, FL",https://www.indeed.com/jobs?q=python&limit=50&vjk=314f3b9c448746f0
Real Estate Listing Manager,None,"Sparta, NJ",https://www.indeed.com/jobs?q=python&limit=50&vjk=2c36a43f3dcafd51
Line Cook,None,"La Crosse, WI",https://www.indeed.com/jobs?q=python&limit=50&vjk=0a6b5754e208132a
Assistant Teacher,None,"Columbia, MD",https://www.indeed.com/jobs?q=python&limit=50&vjk=a37c1d6008c5c1c1
Lead Teacher,None,"Lorton, VA",https://www.indeed.com/jobs?q=python&limit=50&vjk=129fbdb605b29184
Assistant Teacher,None,"Moorhead, MN",https://www.indeed.com/jobs?q=python&limit=50&vjk=3f76dbf128a5e285
Director of Finance and Administration,None,"Watsonville, CA",https://www.indeed.com/jobs?q=python&limit=50&vjk=54c3a7bb97f9f09e
Drive-Thru Team Member,None,"Southlake, TX",https://www.indeed.com/jobs?q=python&limit=50&vjk=42f3ee2206479106
daycare teacher,None,"Boston, MA",https://www.indeed.com/jobs?q=python&limit=50&vjk=a36823645865407d
Infant Assistant teacher,None,"Sleepy Hollow, NY",https://www.indeed.com/jobs?q=python&limit=50&vjk=2803dbf7c47503a5
Team Member - Day time,None,"North Richland Hills, TX",https://www.indeed.com/jobs?q=python&limit=50&vjk=599af4f168d867ae
Cashier - Day time,None,"Southlake, TX",https://www.indeed.com/jobs?q=python&limit=50&vjk=c8345961a31668d4
Infant Room Teacher,None,"Roanoke, VA",https://www.indeed.com/jobs?q=python&limit=50&vjk=6eb851ba7a960ee2
Team Member - Night time,None,"Southlake, TX",https://www.indeed.com/jobs?q=python&limit=50&vjk=d9efa9b76aa0e1bb
Part-Time Line Cook,None,"Banner Elk, NC",https://www.indeed.com/jobs?q=python&limit=50&vjk=be9fe4143b17e977
Montessori Toddler Teacher,None,"Miami, FL",https://www.indeed.com/jobs?q=python&limit=50&vjk=59a1c91317a5db12
Property Manager With Growth Potential,None,"Fayetteville, NC",https://www.indeed.com/jobs?q=python&limit=50&vjk=c82babf82b284e9e
Kitchen Staff,None,"Alpharetta, GA",https://www.indeed.com/jobs?q=python&limit=50&vjk=28ed193b113faad8
Night Time Cashier (1),None,"North Richland Hills, TX",https://www.indeed.com/jobs?q=python&limit=50&vjk=c8976f20e4c32de5
Kitchen Team Member,None,"Southlake, TX",https://www.indeed.com/jobs?q=python&limit=50&vjk=76d0d4002ebaf600
Preschool Assistant Teacher,None,"Sleepy Hollow, NY",https://www.indeed.com/jobs?q=python&limit=50&vjk=00ba79ac44f5ac89
Housekeeper,None,"Coralville, IA",https://www.indeed.com/jobs?q=python&limit=50&vjk=18c8bc642892d3ff
"Teacher, Special Education",NEST+m,"New York, NY",https://www.indeed.com/jobs?q=python&limit=50&vjk=26b21f1e80708e12
Leadership,None,"Southlake, TX",https://www.indeed.com/jobs?q=python&limit=50&vjk=f1fe38f804920b33
Food & Beverage Supervisor,None,"Phoenix, AZ",https://www.indeed.com/jobs?q=python&limit=50&vjk=5301419be4e13a4d
Sales Associate (PT),None,"Palo Alto, CA",https://www.indeed.com/jobs?q=python&limit=50&vjk=2c2b63577b5f27dd
Facilities Tech,None,"Southlake, TX",https://www.indeed.com/jobs?q=python&limit=50&vjk=2f62f122bf9db508
Home Care Aide,None,"Alexandria, VA",https://www.indeed.com/jobs?q=python&limit=50&vjk=4e9b7d1d8205315f
Dining Room Team Member,None,"Southlake, TX",https://www.indeed.com/jobs?q=python&limit=50&vjk=c4129a5ae8d5f08e
Teacher - Infants and Toddlers,None,"Columbia, MD",https://www.indeed.com/jobs?q=python&limit=50&vjk=a2d6a89246cc4795
Shift Worker or Live-in caregiver,None,"La Grande, OR",https://www.indeed.com/jobs?q=python&limit=50&vjk=fd8b305125c9f536
Overnight Caregiver,None,"Alexandria, VA",https://www.indeed.com/jobs?q=python&limit=50&vjk=ef3d792a76a49507
Preschool Teacher Assistant,None,"Miami, FL",https://www.indeed.com/jobs?q=python&limit=50&vjk=4bc07ca7bbf81af0
Nursing Assistant,None,"Silver Spring, MD",https://www.indeed.com/jobs?q=python&limit=50&vjk=01ee739f8a05abcc
Mover,None,"Golden Valley, MN",https://www.indeed.com/jobs?q=python&limit=50&vjk=2535d569c8d94fb4
Grill cook/prep cook/fryer cook,None,"Evansville, IN",https://www.indeed.com/jobs?q=python&limit=50&vjk=71498479a99f1d5f
Preschool Teacher,None,"Brandon, FL",https://www.indeed.com/jobs?q=python&limit=50&vjk=0c88cfe05337d8df
Toddler Teacher,None,"Boston, MA",https://www.indeed.com/jobs?q=python&limit=50&vjk=c02627bca4011da6
"Part Time PreK Teacher, 7:30-12:30 or 12:30-5:30",None,"Rapid City, SD",https://www.indeed.com/jobs?q=python&limit=50&vjk=594715f7ec9972a8
Cook - Night time,None,"North Richland Hills, TX",https://www.indeed.com/jobs?q=python&limit=50&vjk=5255c2bf5a7cbf77
Part Time Closer- Teen,None,"Rapid City, SD",https://www.indeed.com/jobs?q=python&limit=50&vjk=8a391e3309a2656b
Assistant Staffing Coordinator/CNA Floater,None,"Silver Spring, MD",https://www.indeed.com/jobs?q=python&limit=50&vjk=74bb10817a8e15f0
One Year Old Teacher,None,"Palmetto, FL",https://www.indeed.com/jobs?q=python&limit=50&vjk=23415a2d41230d38
Full Time PreK Teacher,None,"Rapid City, SD",https://www.indeed.com/jobs?q=python&limit=50&vjk=5515191fc1b2b2df
Cook - Day time,None,"North Richland Hills, TX",https://www.indeed.com/jobs?q=python&limit=50&vjk=404c66b1334c6889
Lead Toddler Teacher,None,"Tampa, FL",https://www.indeed.com/jobs?q=python&limit=50&vjk=ea1235c304f9b866
Personal Care Companion,None,"Alexandria, VA",https://www.indeed.com/jobs?q=python&limit=50&vjk=82149a06bd3b8c1a
Foreman - Tree Service,None,"Spicer, MN",https://www.indeed.com/jobs?q=python&limit=50&vjk=e4e64f4b0e2b9196
Lead Montessori Teacher - Infants and Toddlers,None,"Columbia, MD",https://www.indeed.com/jobs?q=python&limit=50&vjk=4fa080624355d24b
Tues/Thurs part time teacher,None,"Rapid City, SD",https://www.indeed.com/jobs?q=python&limit=50&vjk=00ca5373f0410072
Landscape Foreman,None,"Boone, NC",https://www.indeed.com/jobs?q=python&limit=50&vjk=98a79b7c843345d7
Home Helper,None,"Alexandria, VA",https://www.indeed.com/jobs?q=python&limit=50&vjk=b2222886ed474448
Toddler Lead Teacher,None,"Tampa, FL",https://www.indeed.com/jobs?q=python&limit=50&vjk=d9a9ed6a7bf84943
Maintenance Technician,None,"Davenport, IA",https://www.indeed.com/jobs?q=python&limit=50&vjk=023f378e2c10fd9c
Child Care Teacher - 3-5 Year Olds,None,"Luck, WI",https://www.indeed.com/jobs?q=python&limit=50&vjk=3e9e0595ac17b0c0
Certified Pre- K Counts Teacher,None,"Folcroft, PA",https://www.indeed.com/jobs?q=python&limit=50&vjk=5e0a33b36597ed30
EEC certified infant/toddler teacher,None,"Boston, MA",https://www.indeed.com/jobs?q=python&limit=50&vjk=5149c88e895719e1
Substitute,None,"Rapid City, SD",https://www.indeed.com/jobs?q=python&limit=50&vjk=72b8ec8213c2002a
Substitute Childcare Teacher,None,"Luck, WI",https://www.indeed.com/jobs?q=python&limit=50&vjk=6098e1bf0bb5dc6c
Part Time Assistant Teacher/Floater 10:30-3:30,None,"Rapid City, SD",https://www.indeed.com/jobs?q=python&limit=50&vjk=db7dd6af206a1ce0
Motorcycle Technician needed - Dealership Opportunity,None,"Lathrop, CA",https://www.indeed.com/jobs?q=python&limit=50&vjk=5874b628002c83ad
"START ASAP - Day, Evening and Night Shift CNAs - Montgomery County",None,"Rockville, MD",https://www.indeed.com/jobs?q=python&limit=50&vjk=d7465f994c7c51ec
Lead Teacher,None,"Southfield, MI",https://www.indeed.com/jobs?q=python&limit=50&vjk=b8fcf8969b249f85
Substitute Preschool Teacher,None,"Berkeley, CA",https://www.indeed.com/jobs?q=python&limit=50&vjk=6347deac34088e84
Early Childhood Teacher (age 2-4 years),None,"Kalispell, MT",https://www.indeed.com/jobs?q=python&limit=50&vjk=a6e4a53fdaa9c2d7
Lead Teacher,None,"Akron, OH",https://www.indeed.com/jobs?q=python&limit=50&vjk=5eef0af726137985
Afternoon Teacher/ Building Closer,None,"Hollins, VA",https://www.indeed.com/jobs?q=python&limit=50&vjk=525df4584cd14aff
"Lead Infant, Toddler & Preschool Teacher",None,"Inkster, MI",https://www.indeed.com/jobs?q=python&limit=50&vjk=10cf1afb5e8102e3
Registered Nurse (RN) Per Diem,None,"Alexandria, VA",https://www.indeed.com/jobs?q=python&limit=50&vjk=d9d300b510a56010
Part Time Closer,None,"Rapid City, SD",https://www.indeed.com/jobs?q=python&limit=50&vjk=c76baf68a7998c23
Licensed Mental Health Therapist,None,"Danville, KY",https://www.indeed.com/jobs?q=python&limit=50&vjk=05704dbbc102346d
